distance_km,start_lat,start_lon,end_lat,end_lon,weather,temperature,traffic_level,day_of_week,hour_of_day,journey_duration_min
33.00368944971107,0.2751847530339675,29.056995687994252,-0.29874219308938943,29.18988113080555,Rainy,18.81524102488135,Medium,Weekday,8,116
40.152417376758365,0.5733570995194612,29.887397529662024,0.05595355400035795,29.750612810835484,Sunny,29.312506613827736,High,Weekend,0,13
28.25493395237421,-1.8246873579906069,29.160734991981567,-0.38411193225922347,29.26587720728137,Sunny,26.712154254313887,High,Weekend,11,88
31.037244228245367,-0.4694070487405362,29.31013998687168,-1.123675946934536,29.80518588176336,Sunny,23.411147978331506,Medium,Weekend,19,45
20.83470675823747,-0.6492820411995808,29.63620059806869,0.8358123023173389,29.72383891527083,Sunny,15.093913102981196,Medium,Weekday,17,119
19.504176273390208,0.7823447517364723,29.685680729859737,-1.095663005443126,29.343467396219935,Cloudy,22.7071721181281,Low,Weekend,5,104
30.2046569085086,-1.5178206614599559,29.32456346510918,-1.7842371110553383,29.520711978257335,Cloudy,33.7171026408321,Low,Weekend,20,50
25.163971044669914,0.1879104581969746,29.237547219204735,0.5210295936775857,29.646817929738678,Sunny,18.273005388457534,Low,Weekday,12,25
20.452376217015722,0.3498947322883317,29.039461337206326,1.3962238599795045,29.435720978831498,Sunny,20.37512005210316,High,Weekend,1,33
11.385620028683586,-0.39651560448717627,29.306487841965804,0.28310197998438635,29.292133399841735,Rainy,25.80564605513517,Medium,Weekday,2,82
4.751278875179547,-0.012857186409831689,29.253917826662924,-0.45863966597492145,29.335718845110577,Rainy,32.69347144555222,High,Weekday,12,59
46.48267673266211,-0.04863629145028048,29.401088357065998,-0.20459282690713443,29.151851676435715,Rainy,27.31393559776639,High,Weekday,3,102
22.933339291208632,-1.4061814930569576,29.15877616857717,1.2489952816836167,29.005082838645713,Rainy,24.864271837128115,Low,Weekend,2,41
43.49296951164118,-1.2464516245054034,29.96178958965313,1.243553459026606,29.167770287162725,Rainy,34.21617153447317,Medium,Weekend,18,14
2.3729334972813394,-0.859773627319204,29.68137814895792,-1.7319375165267334,29.039140296666293,Cloudy,32.22417121496902,Low,Weekday,12,74
4.370542111409764,-1.565862951765342,29.957705111835512,0.8724745226768098,29.97175705854168,Cloudy,31.366766041157145,Medium,Weekday,4,116
17.99135514251862,0.877368517989439,29.8380247830574,0.6464816423843387,29.404292313046632,Sunny,28.517365106637513,Low,Weekend,1,100
28.553546550281716,0.2796677185810452,29.073358892283327,-0.8628018276553076,29.828041768866875,Sunny,19.98673109152322,High,Weekend,9,72
21.917045857772244,0.27637417324029556,29.94691810957024,-0.7249014363957009,29.312959237443195,Rainy,33.5220402574889,Medium,Weekend,0,41
47.38891782429848,1.4867906644820121,29.515378800094943,-1.221011146547133,29.230033829513005,Cloudy,31.692071291933672,Low,Weekday,21,57
42.87590633106977,1.466200746589514,29.606920447777373,0.919570794415336,29.69994668425384,Sunny,18.88225300169922,Medium,Weekday,12,73
39.68572632949178,-1.0718722710956534,29.05653560876166,0.5240985545772436,29.372363448091708,Cloudy,16.59286954117505,Low,Weekend,2,103
44.720118757571285,1.3173793408531544,29.50535991074824,0.13273168250611622,29.02986748058905,Cloudy,22.020436397702348,Low,Weekend,6,32
25.90943134541507,-0.3433079380881099,29.50468079450731,-0.22841433318566762,29.910134695944564,Rainy,30.97416120003099,High,Weekend,10,10
41.85281626027388,0.7833881781424581,29.704545844623826,-0.488844952384196,29.82323662410295,Sunny,25.90475806910427,High,Weekday,18,103
39.86648787859809,-0.6340947114544648,29.955879405691757,-1.1781941402471983,29.658314450553924,Cloudy,19.82651080722708,High,Weekend,2,48
44.5138244725913,-1.3989804691284924,29.898319042770645,0.4136791959410604,29.156939859175207,Cloudy,16.209669407046036,Low,Weekday,0,45
41.44751898295709,-1.0924010686380008,29.284726651053855,0.2010105456160547,29.35586118158577,Cloudy,30.181069136673727,High,Weekend,23,83
32.391000685939346,-0.3921238654615946,29.272251459931628,-0.7941243731611991,29.34773042203174,Sunny,26.225720200437856,Low,Weekday,16,57
45.062032915142645,-0.8718061771933687,29.231132983894703,-1.2978885633511623,29.539170369290673,Cloudy,25.011206825716528,High,Weekend,1,12
27.135641706320552,-1.6391765653332995,29.574719667951502,0.5443298616341625,29.27409842306653,Cloudy,33.66183648797048,Low,Weekday,9,46
37.84520129028758,0.8213569513753218,29.03718844397858,0.2562273455977544,29.73651236967739,Cloudy,23.573681099666125,Medium,Weekday,2,105
45.59530242465908,0.18490643492861647,29.54677993482316,0.3745094309231405,29.496626898241377,Cloudy,31.96670864280853,Medium,Weekend,0,94
17.348207166597447,0.6780580261583409,29.90048043514819,0.8810846390367337,29.524629615943006,Rainy,32.74727066120309,Low,Weekday,7,109
31.932794832909522,0.24099253868098325,29.978335666547885,-0.8645449365012241,29.647203078762214,Sunny,21.041236244627466,High,Weekend,8,104
39.34608365944113,-0.5625090813677656,29.377126403857105,-1.1724407423948007,29.128214328965644,Sunny,28.11168832678303,Low,Weekend,10,114
17.61102775237574,0.9607565639692148,29.36103322712085,-1.7603539933931793,29.21082967555663,Sunny,28.58498432863985,Low,Weekday,9,81
31.437747506852183,-0.07381869526864637,29.78286846146836,-1.7763723072027036,29.071000491618186,Sunny,29.951668143522753,Medium,Weekend,17,90
19.678719413887475,0.8871177537072263,29.52804376580792,-1.4972658161755867,29.02059247033418,Sunny,28.381651434742416,High,Weekday,15,106
14.887058942049574,0.6744172428808186,29.37502081477894,-0.7087762922662693,29.98601222966385,Sunny,19.61784248294059,Low,Weekend,1,93
14.602533971958692,1.2512113789997614,29.541096563107562,-0.09087013774901709,29.198998662895836,Sunny,27.07398404031447,High,Weekday,11,119
38.73358181198049,-0.16846872521235357,29.58804944764401,-0.010195225168222244,29.70257556634202,Sunny,22.19453974562498,Medium,Weekday,2,41
2.5046407707684546,-1.0606190426527082,29.62318658713538,-1.2016189538617146,29.8472868326794,Cloudy,25.61410370618891,Low,Weekend,23,67
14.389331672747794,0.8138466554311994,29.298980917093655,0.26403722097239823,29.383657501679185,Sunny,16.25225331900577,Medium,Weekday,0,40
39.50224971535891,-1.6781511853522453,29.16649511069039,-0.1293285945481275,29.320185768133463,Sunny,22.61130898188874,High,Weekend,4,56
13.104571642451305,0.01916867319843063,29.12489578754704,-0.13189226355384132,29.729421599706374,Sunny,30.923603059578284,Low,Weekend,1,113
35.20512453068019,1.24001863793407,29.982740973518617,-1.834033424489741,29.487708797975767,Rainy,20.369003913983175,Medium,Weekend,21,10
29.632492085920816,0.5415201741659166,29.587336915215623,-0.6974701446589489,29.994109006959693,Rainy,28.074860232156034,Medium,Weekday,10,51
8.18195960326402,-0.8147084488040166,29.660946257622324,0.5332331954163463,29.815265006452673,Rainy,27.36673296211287,Medium,Weekday,10,46
45.033035918783206,-0.3366046085200318,29.25940571739387,-0.6936190046166621,29.115073791513208,Rainy,31.8765089274504,Low,Weekday,1,79
5.906872309810216,-1.757799455200327,29.077264538149176,-1.681607614865672,29.625930720559122,Sunny,32.94450545407569,Low,Weekend,22,112
7.403203496082569,0.4715381507137333,29.691909962445703,0.9437422245957223,29.68781263036741,Cloudy,25.076659292468154,Low,Weekday,9,67
21.793774383787113,0.020435340470061236,29.886677559738455,1.4903827736583986,29.01801130747889,Cloudy,23.16112882846777,High,Weekend,13,26
2.6529168788143114,0.3194695693023708,29.20772072151323,-1.3388040977003737,29.35591768074039,Cloudy,32.888687686999575,Low,Weekend,12,48
45.71011452107738,-0.6960552018609536,29.229053589728977,0.23454125507228873,29.800626848667317,Rainy,33.459843502395316,Low,Weekday,16,89
23.272621669434496,-0.22032502268122767,29.461559701843058,-0.8707921605788138,29.02236539976246,Rainy,30.01597928843079,Low,Weekday,14,60
33.85885223022199,1.3834136585513201,29.57132988704744,1.0815160480228942,29.476013843081063,Cloudy,25.395750642985323,Medium,Weekend,20,49
38.355762008373986,0.3010069840688123,29.48840400781588,0.5390618657392241,29.23807109229719,Rainy,18.132168834976213,High,Weekday,7,71
30.859492014184994,1.0640057079868526,29.038816771387143,-1.1565316316863188,29.066101763259407,Rainy,32.12162705371357,Medium,Weekend,17,35
22.944536977708516,0.2502688385050349,29.491370509841044,-0.28731811854626454,29.547240426532717,Rainy,27.266822352865344,High,Weekend,23,83
26.308741248995396,0.6827890552195859,29.4990606646718,0.27477288534388045,29.77054575494977,Cloudy,26.228898304085735,Medium,Weekend,8,47
33.21735444005874,-1.1846128347207365,29.058981628543282,-1.885132960456271,29.55953912292095,Sunny,28.276036317869703,Medium,Weekend,15,98
24.117181673260998,-0.8584453336762197,29.017140358454068,-0.2638133094198494,29.56563677153054,Rainy,30.6777751150645,Low,Weekend,11,102
39.52820338521128,0.018398961637067224,29.108471118335903,-1.542986183933731,29.98358581193827,Cloudy,27.540110644910815,Low,Weekend,15,49
38.6573356505959,1.40084937416127,29.211421396792826,-0.017166501279995527,29.268449366145802,Rainy,19.78021538908054,High,Weekend,21,108
33.695096439204136,1.1445024555573036,29.515711685438117,1.0752397230165047,29.27287165195576,Sunny,20.524838921620923,Low,Weekday,0,70
15.51011050850307,1.0882341683629173,29.826900918743725,-0.9119145649235427,29.810408158295672,Cloudy,28.312437092684917,Low,Weekend,19,76
37.134003256383146,0.8675499950009007,29.592020924453706,-1.0147056324096124,29.261374121401616,Cloudy,18.512784617825197,Low,Weekday,21,50
20.585682497717286,0.9157642046030703,29.178786485528093,0.9791578487241002,29.25746648371016,Cloudy,21.74385648436632,High,Weekday,0,18
16.110296575406643,-1.8181639302405612,29.64723717258338,-0.1832742223231114,29.629279763346165,Sunny,15.629401049102515,High,Weekend,22,22
42.50228707409748,0.491113635387344,29.00833728111346,1.010591360669045,29.53749960546684,Rainy,21.19678036699991,Medium,Weekend,11,19
49.934918571255416,-1.2063597537602488,29.282652977153838,-1.3171366357455727,29.980931093518546,Cloudy,34.83152670692578,Low,Weekday,23,81
30.215863928173953,-1.797496328299312,29.747655089605015,-1.06262893922773,29.73656452013842,Cloudy,23.720741219241738,Medium,Weekend,1,118
27.47893198493657,-0.5158068941709675,29.820718514411798,1.1204919600271523,29.791559985593384,Sunny,17.02963526776173,High,Weekday,10,54
45.16964324044988,-1.6201255643919494,29.72526378144295,-1.160269517729603,29.233702512482907,Sunny,22.050501397923888,Medium,Weekday,8,82
29.537085335694904,0.49954020892539663,29.71615808405336,-0.5841770209879655,29.299653112327864,Sunny,34.4205625559203,Low,Weekend,16,47
36.66395001111244,0.1794857675415793,29.08018793638699,0.618092911419259,29.450756774507273,Sunny,28.535170382477446,High,Weekend,7,24
7.288219128130777,-0.12354819028404207,29.830145560289495,0.054252216329236935,29.65755049636713,Rainy,20.63827780917033,Medium,Weekday,18,20
7.828818873518727,-1.7658990722960382,29.588516092003285,1.0183823499389755,29.601094017176063,Sunny,32.93274489731611,High,Weekend,3,82
23.052775804432784,-1.2670774995517546,29.97624067878873,1.107135457068622,29.93901802548833,Sunny,19.782267653309013,Medium,Weekday,3,16
30.445748299050138,-0.5738865252406185,29.12305443011923,-1.3189256088194434,29.09254690909562,Rainy,32.63334847405015,Low,Weekend,23,18
35.58805490954968,1.1555751670679837,29.036518783697876,0.17816491161156645,29.697295560351765,Cloudy,30.880684799259438,Low,Weekday,15,30
24.147864696013063,-0.4413080041870987,29.85126201839088,-1.585024347454536,29.82253641424181,Cloudy,16.64907979869674,Low,Weekday,2,49
8.452329540276644,1.259809685354004,29.355880784225082,0.6415049650851778,29.74586491026785,Cloudy,33.99150211432098,Low,Weekday,19,41
37.05803832170852,-0.806215516726281,29.861274752949953,-0.502837225176848,29.601569056988136,Rainy,34.52269728383869,High,Weekday,11,17
11.354323892676158,0.19795671378914292,29.07314671738861,-0.5420163635860997,29.46542380174364,Sunny,22.76907837698652,High,Weekend,19,114
6.291846232451079,0.03820697990504529,29.460065817099746,-0.1637688093957772,29.104645178924038,Cloudy,30.741103287829375,Low,Weekday,15,109
37.17347055253292,0.5414288699033527,29.975396878306103,-0.5511043799447839,29.888409432461835,Cloudy,25.028810108480954,Low,Weekday,20,71
8.699113042717725,-1.060080055338682,29.346505932504034,0.015231853190584621,29.500485317913206,Sunny,18.935077949621668,High,Weekday,15,23
40.37577833230043,-0.03844154231836017,29.245261208821727,1.2030619959227549,29.37110631496716,Rainy,17.596759267548222,Low,Weekend,2,76
5.376061499712347,0.1640550107451455,29.295864542905292,1.055509971654951,29.922144466488174,Sunny,25.349290567327543,Medium,Weekday,8,69
17.33060549175119,1.0011011756886612,29.70635096164818,-0.8962767241916645,29.403054286455056,Rainy,21.95325894979735,High,Weekend,14,104
21.5110000536232,1.26827748216999,29.18174001583536,0.5694475637393195,29.6163684440345,Sunny,15.0162043707187,High,Weekday,1,57
37.02634727033556,1.2919406597790202,29.075557683667085,-0.4149692613106084,29.632993070110352,Rainy,29.575539753835756,High,Weekend,17,40
45.65282378982628,0.6632935489686327,29.72571897904305,-1.2173612993956993,29.62993541360391,Cloudy,24.699796940850973,Medium,Weekend,5,33
39.38214826908737,1.0691187883061315,29.876262355409615,0.7538060048776383,29.16443961917557,Sunny,25.511024568136172,Low,Weekend,5,29
43.70632461703658,-0.3076897849640847,29.6312335771439,-0.38963475490039046,29.14577048476547,Rainy,33.08576648900082,High,Weekend,10,67
37.471290412654156,-0.8323756174889387,29.285124253908194,0.025017640057334534,29.196483413466375,Sunny,19.81547465930708,Medium,Weekend,2,62
25.30876992608857,-0.4284534309891248,29.191534625448945,-1.2067482677174524,29.505737612655913,Rainy,26.746396094095402,High,Weekend,15,61
17.957023143584223,-1.8688152744496076,29.52628140527847,-0.14137365543092573,29.412747041737536,Cloudy,17.066648768215135,Low,Weekend,19,108
38.059174334879465,0.3505586268873473,29.541332449037306,0.005488855663963177,29.98598810546999,Cloudy,22.880537333097006,Medium,Weekday,15,13
13.351564160949163,1.2891701595962277,29.162870803619086,0.6908848210605121,29.913627121431773,Rainy,30.188582151314154,Low,Weekday,12,24
24.614420854562674,-1.58577065515211,29.632986121251943,-0.9522273205852638,29.935820458422562,Sunny,30.90003750867795,Medium,Weekday,13,32
45.14198501402539,-0.39296965866975064,29.455514045952317,1.0229461623120764,29.546779119378137,Sunny,30.339793765712113,Medium,Weekend,20,108
16.040352595836058,1.0213243408525758,29.235026727735658,-1.3156580873282333,29.831433815968275,Sunny,21.26844683794714,Medium,Weekend,23,81
43.44952101728099,-0.38724245190211226,29.444925877407506,1.0127495576454115,29.979494025850624,Cloudy,34.9652459128868,High,Weekend,15,26
31.103084161433042,-1.4466855893374024,29.90194061438345,1.086854893486016,29.60102840859266,Rainy,16.291149816655953,Medium,Weekday,6,36
38.46612293909668,-0.19562851036941042,29.637137241425542,-0.43336877241836746,29.590724394293954,Sunny,15.288785663345665,Medium,Weekend,4,59
41.49414076744319,-0.35265676103543053,29.60318398679073,-1.830518124863069,29.110022472912945,Sunny,19.70743955632351,High,Weekday,22,104
24.057701996977016,-1.6007129466788226,29.8924232566985,-0.39684724483386713,29.426134946605256,Sunny,23.884204592503256,Low,Weekend,4,98
7.173898589204519,-0.40970459256026626,29.768160441766486,0.4541292912019568,29.104064586166807,Sunny,26.653861853875423,High,Weekday,12,50
3.131712210845146,1.1938694694953678,29.202266717068305,-1.3919625596816934,29.63427102360603,Rainy,25.24064108817636,Medium,Weekday,11,35
41.31340748922951,0.4298290142375256,29.02021897425829,1.429400972333866,29.90359676059604,Cloudy,24.749947610192166,Low,Weekend,9,112
3.2683964212537404,-0.056125253837306266,29.261143709260224,-1.8560182088850297,29.54444697492512,Cloudy,17.186860386678365,High,Weekday,11,12
16.08886942816668,0.9729936092016676,29.965066931750542,1.1424726711569302,29.708585899487467,Sunny,21.71212058475423,High,Weekday,9,73
42.86300752945777,-0.32641509238053734,29.8265478866295,1.4616945648431798,29.10299034415142,Cloudy,22.365538073626265,Low,Weekday,20,31
47.27398355620721,-1.6003375691846686,29.426753909502867,0.24787285846383122,29.764517010641693,Sunny,23.44849546253743,Low,Weekend,8,37
47.17226276400428,-0.12353444228116461,29.44186568250958,-1.1721118599558897,29.90252054492153,Cloudy,19.94728689141908,Medium,Weekday,4,11
11.705823590880115,-1.8035961927969728,29.660383588967523,-0.5738137657680089,29.768384568607527,Rainy,18.066879653422717,Low,Weekday,16,38
48.14337118945849,-1.0620183494025195,29.786919033725898,0.36101652905640735,29.037681941364653,Cloudy,26.860619439162885,High,Weekend,16,52
11.776409188726477,1.2830189325680945,29.489255159309963,-0.25897343297137665,29.07879468516187,Rainy,19.833089956111824,High,Weekend,22,11
15.61457349848801,-0.2488862724860732,29.311903378590202,-0.8450418771039294,29.55348679219228,Cloudy,17.77573956994114,High,Weekend,7,33
29.93397213517621,-0.8494392787087928,29.8179086030638,-0.8826363725336097,29.922474318496437,Rainy,22.467089980028287,Low,Weekend,18,11
29.466618938734214,1.0555126095294236,29.304903204768404,-0.1530127187555832,29.30507381182685,Cloudy,20.443282239303844,Medium,Weekend,17,100
1.2351814228117082,1.3782075764541362,29.718915736786958,0.8206505768466235,29.96509289197807,Sunny,26.976533374379457,Medium,Weekday,12,34
21.9151577252185,-1.3068160904115,29.00874285647085,0.06482803904569967,29.53243253055478,Cloudy,25.783409757914587,High,Weekday,22,98
17.293173080205747,-0.8293643858673945,29.518058641029782,-1.0486165942420482,29.489017619409143,Cloudy,17.77235787801591,Medium,Weekend,16,12
13.067034788590947,-1.3402866540431857,29.91454398518894,1.4303342077789782,29.47317948034994,Rainy,33.068436968794614,Low,Weekday,0,18
47.00971770067509,-0.6404826968827668,29.168516395577218,1.1040612599970592,29.27136132044832,Rainy,24.770145750441706,Medium,Weekday,16,117
9.037930804844766,-0.9868731829511255,29.280748454568922,-0.6745909955588121,29.94839580152961,Cloudy,30.325791200706583,Low,Weekend,13,47
36.603635450623,1.076369202642773,29.442711689915726,-0.02741518719477143,29.140220260391185,Cloudy,23.14657146066428,Medium,Weekend,4,86
28.38652539573248,-1.078135442790824,29.972302858094164,-1.8136801036813228,29.636512248815933,Cloudy,20.651281850309562,Medium,Weekday,2,36
1.190728499965469,1.1275737608542022,29.724577157941532,-0.0664639738002426,29.06042753474084,Rainy,22.095951800263343,Low,Weekday,13,109
49.21349869704752,-0.6467654447137823,29.980639740674334,1.0319601748066694,29.046294020155106,Rainy,21.72462436797741,Low,Weekday,11,18
18.21217006383423,0.5713869671070673,29.963895841037694,-1.8848722797917843,29.3129040737957,Rainy,33.91899119471179,Medium,Weekend,4,53
8.928293596569363,-0.936908509240288,29.00061310057824,0.9328795732108266,29.672536675958025,Cloudy,23.49266547944497,Medium,Weekend,20,30
2.5367533811209384,-0.2758719893498547,29.672951815599927,-0.4742224298914426,29.907904465797614,Cloudy,23.179679361620934,High,Weekend,20,106
18.147882206103613,-1.6609286264372094,29.359853254425907,-0.3203474140985467,29.462261415594796,Rainy,19.011969289849024,High,Weekend,0,18
2.3489252628288657,-0.03525077090455797,29.345582032444874,1.2318038066888644,29.307829305872986,Sunny,33.63181957616049,Low,Weekday,10,71
6.4900166114696365,1.182382480763236,29.465686487653247,-0.10629705400710465,29.5773166776361,Rainy,18.228384866301365,High,Weekday,1,99
41.13857367133642,-1.7483695172037337,29.372502698973122,-1.1009157612798675,29.52681989839415,Rainy,25.53896858538232,Low,Weekend,9,106
6.081018415679463,1.39522995783621,29.92983215341351,0.6442186684642297,29.94924390313954,Cloudy,33.932094813566174,Medium,Weekend,15,111
39.79261263415306,1.3225989097144106,29.318205513904463,0.08892478043153473,29.821951774897734,Cloudy,29.261052640853514,Medium,Weekday,22,19
38.72503599893085,0.2141337648040711,29.808750782399958,-0.2501362777858873,29.02781977364576,Sunny,17.838161092341387,Medium,Weekend,21,65
2.1342996430964147,1.4530391377353786,29.11928667739445,-1.2150299701894913,29.002333625077384,Cloudy,31.181491261442673,Medium,Weekend,10,114
2.1047616830248477,0.3466271347201282,29.475433089308975,-0.3229650163389821,29.421139297588788,Sunny,24.927354863918584,Low,Weekend,3,84
22.261416427851426,-1.0060236178281403,29.24566109547747,-1.8410143981544773,29.889513125747353,Rainy,18.116335131371372,High,Weekday,14,33
3.278630351440854,-0.9620761142568086,29.92124272983243,-1.4393064995853198,29.6624920426259,Rainy,28.79519003620367,Medium,Weekday,6,106
32.012084619048686,0.5300424805771615,29.50418691091101,0.5953860315687676,29.714643188944674,Cloudy,25.122086169412842,Low,Weekend,8,103
34.606767566282,1.3582081488120252,29.23668544140578,0.1638127740389299,29.495847928714134,Sunny,34.81698110604768,Low,Weekday,16,78
43.15162635902226,-1.205627536357999,29.095285016759565,0.26324935188615495,29.390057206237636,Rainy,24.43445675403987,High,Weekend,21,66
42.41753262785306,0.9677525259868061,29.456916469069714,-0.45375315715168485,29.629589291223525,Sunny,32.8323211566663,Medium,Weekday,17,64
3.5156736270216826,1.1471961974673932,29.31356399412702,1.2179382993170726,29.454518494449996,Cloudy,20.67746061236139,High,Weekday,7,38
11.97776496931042,0.10932283879073124,29.929517716641655,-0.5950924631893775,29.041505290581753,Sunny,21.50126614946215,Low,Weekday,15,17
37.067428380336295,1.3303664836342661,29.588175516104975,-1.3421638692832558,29.87153253167554,Rainy,24.34231940847029,Medium,Weekend,20,27
2.3664967589651793,0.8758186884479762,29.214759330328096,0.35733925728478244,29.41099455113812,Rainy,17.54004435111692,Medium,Weekday,15,117
3.8330336131161307,1.0554202951583642,29.799612572214652,0.9649017201236458,29.47477010837234,Rainy,27.798662388613806,High,Weekday,16,59
6.018853555475263,0.3061422497637034,29.947058188553022,-1.2633399491979427,29.425269822854673,Sunny,22.040175882468684,Medium,Weekend,4,32
47.244725945565726,1.488929428166902,29.233490594540115,1.4427378138788027,29.66448665144072,Cloudy,26.40408757759636,Medium,Weekday,2,19
39.26581096458869,1.046422710011183,29.348968423334345,-1.5540803613835061,29.324306682793722,Rainy,33.530527875026905,Medium,Weekend,17,36
29.42015947004804,0.7098798679655545,29.224551495699377,0.9994777638643231,29.766986953361023,Sunny,17.274477393263858,High,Weekday,17,102
22.5877894924735,-0.060573045040945184,29.60713995593884,0.9414222616540915,29.024718680133816,Cloudy,26.908102555502353,Low,Weekend,21,81
13.160337662857126,-1.6851338854996103,29.5352153930925,0.5936623163029702,29.537628498490143,Sunny,18.2697604004207,Medium,Weekday,11,53
35.959642967601006,-0.380258710710363,29.470178960502817,-0.4331494348122811,29.457666879643966,Sunny,16.20215390591482,Medium,Weekday,17,20
41.32814861599,-0.7346190147004188,29.30979574947036,0.5021726107021465,29.67943608811254,Sunny,26.56558873907857,Low,Weekday,21,105
35.48109312238728,-0.4331189093407086,29.4611028052609,0.78778712538911,29.632036385888256,Cloudy,19.006764653712533,Medium,Weekend,23,108
7.806772376272987,0.0697296810067336,29.44454045600568,0.9293906163367596,29.06269381554377,Cloudy,24.08000089118883,High,Weekend,11,26
38.27436057832088,-0.6364213310926865,29.92716799868793,-1.4062727863111144,29.275027907544434,Sunny,23.77663429997157,High,Weekday,23,76
40.32153311650616,-1.1355133809283444,29.373912133864643,0.22264334316291023,29.471336375097362,Rainy,28.52284301625881,Medium,Weekend,9,19
17.959025849121165,0.9546160574299565,29.202505643237668,1.1688423311255365,29.03252109965215,Rainy,32.71706620087183,High,Weekday,11,60
19.880045022456393,-1.3389512116888835,29.861099024222806,1.1770590668331624,29.128373611520924,Rainy,32.74789808248955,Medium,Weekend,22,40
25.325264772396796,-1.0956563823297225,29.138645753712847,-1.157587969706599,29.683437244131962,Cloudy,31.613774226848545,Medium,Weekday,5,107
1.9987833633731493,-1.3590163336323884,29.583328172834634,-0.6906413304970989,29.89803096472828,Rainy,32.273174547045414,High,Weekday,23,53
30.77303314367464,-1.5424226887612356,29.89540914066986,1.1282566502437552,29.95761244150967,Rainy,26.972480329280764,Low,Weekend,18,89
22.38031820174466,-1.4431393714743852,29.909697419894698,0.25445369377300553,29.34020626388921,Sunny,30.410314312847216,High,Weekend,19,43
39.41236411669755,-0.4135068330844325,29.54881567801442,-0.6503946520067274,29.806874690221903,Cloudy,25.195807429382555,Medium,Weekday,19,85
20.699930500844584,-0.943469892371915,29.929601131913845,-1.869291342926295,29.756044425320837,Sunny,30.840332715105987,High,Weekend,0,85
24.21419114778161,-1.4698506274137564,29.08874632720918,1.2852845153772985,29.906591446982425,Sunny,24.74518202231178,High,Weekend,18,48
19.047257365090452,-1.1652981174330161,29.543790152318987,-0.7873244771059238,29.168174721779685,Rainy,19.17031605050948,High,Weekend,18,87
25.686132322017908,0.8496650362012454,29.041667217620546,-1.7757915206394124,29.57643283961467,Sunny,26.612837649754233,Medium,Weekend,16,54
34.8464013523058,-1.579526405930438,29.44434931505148,0.8900295209984188,29.82519602947519,Cloudy,33.15117133415897,Low,Weekend,5,42
43.03585295218325,-0.34445979669785154,29.864236349515867,-1.7492648626434733,29.104661972332927,Cloudy,15.741468940225342,Low,Weekend,0,110
49.182785072410795,0.6643883400943995,29.48976225284553,-0.33959199115353744,29.890689591727387,Cloudy,24.652530984629543,Medium,Weekend,4,20
33.76468926687895,-0.12720694404594823,29.46278077953396,-0.8940148806250712,29.197933439422602,Rainy,28.647736806913763,High,Weekday,4,31
1.9816387145660856,-0.5701647749770207,29.728416737062776,-0.5013253168072838,29.041983118809387,Cloudy,25.707626170710714,High,Weekday,17,98
4.491172071501151,1.1602259193886209,29.507279324975954,-0.09508206671261688,29.79804380131183,Rainy,20.9016283675423,Medium,Weekday,21,94
5.386777387127891,0.06075483862307496,29.24941233085459,0.7065299969594965,29.846409332740325,Sunny,18.496517645963976,Medium,Weekend,16,28
43.00762150706141,0.9419482404633075,29.62777851315548,0.0592987091424535,29.761641804655085,Rainy,29.522410181289242,Medium,Weekday,0,20
3.9396678943032626,-1.569632450539205,29.701149849931056,-0.7823479848914425,29.948840073401833,Sunny,29.861326482714116,Medium,Weekday,2,102
28.30739785534195,-0.030244080042566956,29.266503659738994,1.2575757242028662,29.914896487625,Sunny,16.948914004185415,Low,Weekday,13,109
47.81238934441224,1.4416643549600803,29.335031759684156,-1.0555129215774646,29.074241426962434,Cloudy,28.128267270611406,High,Weekend,1,101
18.895794781246547,0.35310298531466433,29.760750834289627,-1.073413186247833,29.910324514672915,Rainy,25.033348152986058,Low,Weekend,4,23
12.556580208770617,-1.6693568496780773,29.81207411201109,0.7994679471755197,29.053163243311207,Rainy,18.50586337552095,Low,Weekday,7,19
38.705330006710774,-0.7280691423608083,29.606159773150672,1.115981931810364,29.25552139548594,Rainy,26.120871684997418,Medium,Weekend,2,56
35.70990269139846,-0.13915593709886398,29.709998776640983,-0.9409848284565455,29.352249509421238,Rainy,18.75377557264536,High,Weekend,21,51
38.671896444363135,-1.6731136611827584,29.186025373381533,0.3847820166398028,29.121364004160085,Cloudy,16.118063238183396,Medium,Weekend,8,64
48.01059361112362,-0.7330264126346864,29.795427495338437,-0.906670186935057,29.40240333641306,Sunny,18.321949423571724,Low,Weekend,18,85
49.45956240140644,1.4710187590123995,29.753712197460118,-0.4818374647062871,29.973234904396087,Rainy,19.8490727187692,Low,Weekend,14,54
48.09496651843399,-1.1600548833267785,29.06144490931785,-0.976184323257461,29.15996893612425,Cloudy,23.535218221230863,Medium,Weekday,6,112
40.20196513697665,-0.24084121520432955,29.044231503653656,-0.6116472034067735,29.37094689497026,Sunny,29.315976173755693,High,Weekend,18,60
23.968530842909654,1.1335673106462116,29.514184547883428,0.8961381733332603,29.918169993207183,Cloudy,34.01461583673808,High,Weekday,6,26
39.33152947086336,0.6422021012937247,29.964309244544463,-0.7624357899996397,29.227828781560948,Cloudy,15.071919091793724,Medium,Weekend,7,62
8.730055246183047,-0.26057834901807375,29.719097429903293,-1.1329122077523326,29.958202788103115,Rainy,26.25935668008957,Medium,Weekday,9,35
7.733210632096113,-1.4883642675006612,29.074566932158756,-1.6759655758431926,29.701855791654953,Rainy,27.109504468007337,Low,Weekend,17,104
45.22890286735553,-1.8419218096141627,29.514894723298095,-1.1986151332896746,29.819206462956867,Cloudy,24.420415189650054,Low,Weekend,2,115
20.276298607923632,0.7697123402660848,29.131921915825323,-0.18627287888593935,29.50625676168334,Sunny,18.63975006219308,High,Weekday,23,56
19.170729630689817,0.05682824045498425,29.20209055469768,1.0332436355972123,29.225954016594564,Cloudy,31.214538689385012,High,Weekday,22,29
11.478348053913626,-1.229065193239661,29.94980765166992,-1.7886800238045617,29.791056210483674,Cloudy,29.58131994128572,High,Weekend,17,92
3.0123779157885764,-1.876815031985744,29.191557317164573,-0.9439786818455265,29.785485497121975,Rainy,15.2665307655385,Medium,Weekend,16,44
9.712710235876012,1.1858112221555048,29.126581864346566,0.13161857687252132,29.395030098845012,Sunny,34.95641385231666,High,Weekend,13,85
45.61317462776102,0.7218075220625568,29.6254564282128,-0.5099926159554704,29.47373837334776,Cloudy,19.155043209199068,Medium,Weekday,18,13
30.964807066757754,-0.7769067649711217,29.780981256337185,0.7532702250145338,29.842269937866877,Rainy,32.61999540135556,Medium,Weekday,4,95
49.229806640174765,1.340815278993499,29.913537487653116,-0.2686193458653079,29.097623563993647,Sunny,25.95762419680669,Low,Weekend,10,77
9.278023147771354,-0.8229532193047862,29.595780502090836,0.5402586720028184,29.68419197096779,Cloudy,21.224420464527867,High,Weekend,2,19
29.35268617632355,-0.755427399557502,29.47194890257388,-0.27445722467098,29.88129983307654,Cloudy,27.61136514298335,Medium,Weekday,1,86
45.20080745642502,-1.701174724588762,29.427642964859743,-0.568720757437887,29.008260221862976,Rainy,32.765981468342375,Low,Weekday,16,117
34.271116666654,1.3514431046683129,29.51246595096986,-0.3301818107603185,29.472414034711292,Sunny,28.92495677252213,High,Weekday,20,107
15.46941776243767,0.16486808715821555,29.865742354411143,-0.9548381310009458,29.07500631494711,Cloudy,15.506774597785622,Low,Weekday,17,45
10.644675964760085,0.5060932631660333,29.276496235563137,-0.5425794955428729,29.259228195564845,Rainy,16.70395930774706,Medium,Weekday,22,110
19.280777694600143,-0.983634423632246,29.072165625965763,-0.42631718517675643,29.64001312351451,Cloudy,25.028121663865406,High,Weekday,7,13
46.727133598968365,-0.8733445531727648,29.814654512046562,0.04853771011928809,29.556631128908624,Sunny,21.31679124752548,Medium,Weekday,18,73
10.223041030402245,-1.4092441194067575,29.74777930638368,1.22410642237003,29.510006720841687,Sunny,21.800619534533258,Medium,Weekday,21,18
47.449639278513615,1.1699471351890245,29.728389867255352,0.19562373360135066,29.97982816603881,Cloudy,25.17588155900885,Low,Weekend,8,83
44.34042001269027,-0.8970288443783854,29.391706793671315,-1.8013289331803244,29.079996909476687,Cloudy,24.065403615897562,Low,Weekday,21,119
32.11441290917563,-0.4962857528731637,29.38390450191634,0.8525504719981161,29.046344907920922,Rainy,16.23260685661962,High,Weekday,14,84
5.936476925050495,-0.4194866739504153,29.577947119290833,-1.7227116884278135,29.519718365845932,Sunny,31.459394249672158,Medium,Weekend,10,46
44.300160393448195,0.1683621654841181,29.47703258797032,-1.2442863211010184,29.162731989586923,Sunny,25.962124221975124,Low,Weekday,18,31
3.2838520441963457,-0.03978020466838594,29.349961478610847,-1.1733815199152473,29.146646460640564,Rainy,16.43493659385594,Low,Weekend,22,86
1.7392959205936425,-0.6914355900222291,29.64349855931693,0.63356410237835,29.22549237273375,Rainy,24.685117790057035,Low,Weekday,7,72
12.251005401556366,0.4336836158410091,29.18305260690731,-1.176233352032693,29.03698930878724,Cloudy,17.843400812766028,High,Weekday,3,13
24.6553360094449,1.409924272896359,29.065238972793573,1.3880145207405166,29.039053467218285,Sunny,28.16787841587151,Low,Weekend,0,45
23.613054366440974,0.9806384103328414,29.714898091527925,-0.47561690598752415,29.988800833209137,Sunny,23.7962691084795,Low,Weekend,17,33
18.241994799089746,-1.3533815054086826,29.253670070292358,-0.9256964390835487,29.87825653019924,Rainy,27.528520143743513,Medium,Weekend,2,53
25.30658437140092,-1.086818828764922,29.391634462828822,0.7118124453821277,29.240909489930132,Rainy,28.952954868376075,Low,Weekend,16,62
35.20281132583963,1.3556375698220444,29.386253249380644,0.7180644118455795,29.96453447806025,Cloudy,16.57382288562233,High,Weekday,13,75
38.883060933431445,-0.6446644262711188,29.326601228521024,0.5231241448756774,29.62804580523842,Rainy,15.815363244260217,Medium,Weekend,7,28
28.092124684856074,0.5952990230457633,29.603009666211264,0.9725983100969242,29.795551976129385,Rainy,29.13155174733472,Low,Weekend,21,75
47.901251322180094,0.6161367641314008,29.04092217798692,0.6889746340356959,29.56808053719036,Rainy,31.346913854017988,Low,Weekend,8,50
47.18465135705279,-1.3957548150873869,29.191259501592203,0.6760525238428503,29.17910293356639,Cloudy,19.77991718316502,Low,Weekend,22,10
2.9344387961288816,-1.341643146921264,29.042636982601618,-0.59219724594424,29.46521306534325,Sunny,15.307860511664861,Low,Weekday,22,86
38.460865320717865,-0.874674196541529,29.246201342026364,-0.9052755112405881,29.008247165695842,Rainy,16.89479022664855,Low,Weekend,18,115
3.0271280243025704,0.965065358962375,29.521385660807105,1.3691055707455444,29.85677459490611,Cloudy,31.53802078665654,Low,Weekend,13,118
3.226289912545105,1.3895007916131634,29.633154330872728,-0.84130675981177,29.55314538956686,Rainy,26.31687301315776,Medium,Weekend,12,119
19.887443323452967,-0.9239354883900108,29.170904153462622,0.34362775109408217,29.82919372934603,Rainy,30.370183331742954,Low,Weekend,13,87
12.572251774748999,1.3863060200772095,29.520324608008618,0.027495513782255676,29.299420858736024,Sunny,31.52934457230175,Medium,Weekend,15,46
41.16234136725275,1.3418626245948424,29.70040674964327,-0.4361283098864708,29.80292158975004,Sunny,18.672105894330134,High,Weekday,14,30
18.98148318386373,0.35677045373702976,29.269129649079396,-1.681420295816774,29.828429494057293,Rainy,25.900539398734473,Medium,Weekend,5,61
29.256936490894848,0.07760528625845065,29.767984474526887,0.6774427170468424,29.37914029303102,Rainy,19.347496134752934,High,Weekday,21,62
1.7712119384078977,-1.5161059153403762,29.60213263733594,0.28998362297842917,29.781684092663188,Cloudy,26.78544350969671,High,Weekend,0,115
42.522098789150924,-1.2162539024148,29.378869668516177,-1.5176121761932204,29.753489989406997,Cloudy,26.513840318937703,High,Weekend,9,60
3.173489759330803,0.2582582335188057,29.705633773802685,-1.127846250131741,29.269309318645174,Sunny,31.159385424357417,Low,Weekday,7,21
44.37544175466882,1.1587716569696873,29.980548556467372,0.6343044385394507,29.7731648070241,Cloudy,30.89839961704873,Medium,Weekend,18,64
7.732085440123273,0.1924234364847388,29.23053478616166,-1.6776242935379677,29.887085190124566,Cloudy,34.44066064083752,High,Weekday,3,116
8.5629954407538,0.8621799691951311,29.005531775141026,1.3100369976864652,29.39245332550097,Cloudy,32.496652037580866,Low,Weekend,5,79
9.210287674262961,-1.1617356058607533,29.22991076103456,-0.2978660591074387,29.538397624233962,Cloudy,31.682637167563964,Low,Weekday,14,38
47.588615986642196,0.5244471215059412,29.327306328951508,0.09876533925243769,29.236377630788237,Sunny,25.25251529326817,Medium,Weekend,20,79
46.014068000732586,0.7447095239416952,29.448704597806977,-1.594820166719818,29.250872940456244,Rainy,20.96206733415417,High,Weekday,3,65
34.61010026854154,-0.08437383467214876,29.229650171189498,1.03487115010671,29.523462086518943,Cloudy,17.594830335290453,High,Weekend,14,42
47.66804085918511,-0.09477128036622817,29.938925567463485,0.6896301182785192,29.229176295631042,Cloudy,17.290511652368,Low,Weekday,13,94
30.789392994945374,-0.994903093923557,29.476144667257458,0.02657008926487192,29.59698977697189,Rainy,17.804401420949944,High,Weekday,1,102
31.741377661767697,1.3853295979243918,29.552200098198455,-0.3857774222739492,29.193180273025355,Sunny,27.623379143675173,Low,Weekend,18,111
14.938462385526757,-0.46392724697956034,29.62384486221984,0.800522973458428,29.4844844011606,Rainy,15.13779188992342,Low,Weekday,9,48
2.150972986183749,-0.1275874990572332,29.463679392962018,1.1790458925766196,29.334850007456684,Sunny,19.62627993513636,Low,Weekend,7,90
23.431838424177553,-1.8230989080447133,29.989818452101957,-0.3579759644181151,29.190571157113794,Rainy,33.66460987899743,Medium,Weekend,3,79
22.776579533068173,-1.2543169454396894,29.032208406854195,0.6198462766300032,29.989892477317728,Sunny,23.683825414754367,Medium,Weekday,17,10
4.854431444652862,0.9927387406681416,29.604679628135226,1.394920164114723,29.55349559848292,Cloudy,33.94275824269195,Low,Weekday,3,36
23.658697856404196,-0.40145956529180293,29.779415602971618,-1.8898472238706412,29.884485556960268,Rainy,31.067819399242282,Low,Weekday,12,94
36.93280229037082,-0.4387788748553276,29.803221374161648,-1.3141671802581216,29.201326463609,Cloudy,33.43668909198462,Medium,Weekday,16,103
45.52556970026807,-1.8572066182382003,29.637515561885525,-0.8372256787466235,29.58500470148386,Rainy,24.26446430259962,High,Weekend,10,59
16.04642811408449,-1.4125360879827185,29.392484745506888,-1.500064029173919,29.108452260983874,Cloudy,21.00423331041456,Low,Weekday,13,85
45.803300653763564,-0.9964613794461662,29.27825049164394,0.6260315603329434,29.51280676830523,Cloudy,25.50254823518884,High,Weekend,9,83
13.518570980030196,-1.1726942898256936,29.888094598741255,0.8853269335006853,29.278434100232023,Cloudy,25.644433428813947,High,Weekday,22,41
21.494886001371004,0.9521368975980598,29.9298810223771,0.5821706607014114,29.992072790388182,Cloudy,17.72210467114103,Medium,Weekday,12,13
5.392690936867346,1.2279389630095752,29.546988279289387,-0.7711212744103875,29.50666077788548,Sunny,30.939392273504442,High,Weekday,13,57
37.90290566692317,1.2799239799974291,29.933110614793332,-0.9410469154429201,29.086421149527435,Rainy,33.195364750683716,High,Weekday,12,103
4.386756688567024,0.6324050205679912,29.110547681798327,-0.3828749539896681,29.350476994895438,Sunny,16.36438323503899,Medium,Weekday,18,60
27.27075428468783,0.6918037848238638,29.565995225652518,-0.2872883797258281,29.02236791626251,Cloudy,21.7763019444169,Low,Weekend,21,114
36.1065898666464,1.3550405131726788,29.40277221844715,-0.030028322558683707,29.689097411615787,Rainy,27.28862312408959,Medium,Weekend,5,48
36.5742356805841,1.4060951310968544,29.47458003643166,-1.5338140052616325,29.886750511089108,Rainy,24.615429887809395,Medium,Weekend,5,22
27.49860964526911,0.30270061193166153,29.826045943666532,0.3277294259640686,29.221286894511586,Cloudy,15.919841844248928,Low,Weekend,10,100
30.193056602572188,-0.20587571083163936,29.471776995463937,0.3390629775205345,29.31567907963082,Cloudy,16.717359133524646,High,Weekday,2,21
2.7929211551681243,-1.8181158422714574,29.857761637404508,-1.0703972493943688,29.34531183714564,Rainy,27.787956571166852,Low,Weekday,15,52
42.15784970053687,-1.3639519803781432,29.959117182485578,1.2492180532005812,29.139923164915707,Rainy,25.562790212235818,Low,Weekday,7,31
27.264316173006108,-1.74543714863085,29.37958555935981,-0.8792948863902221,29.990553683488724,Sunny,34.07485008422092,Medium,Weekday,10,101
19.692955522040094,0.5649329632634248,29.434323152158694,1.4468403869119184,29.0005322018767,Rainy,33.782426793437665,Low,Weekend,11,100
13.40701565508668,-1.3898794822018745,29.753382399063817,-0.6156265965984835,29.998634102831673,Cloudy,23.389831947354534,Low,Weekday,17,73
20.12966837915896,-0.6577552334244174,29.902061892204152,1.1498695615398056,29.950448582494683,Cloudy,25.907114087939256,Medium,Weekday,5,54
8.252752385159589,1.1809379610707826,29.99129997014536,1.2954772713076328,29.90411520497079,Cloudy,32.975891995845316,Low,Weekday,19,60
18.648623244312216,0.9475654669416742,29.102689077068103,1.4350485930279326,29.24257983940879,Cloudy,18.42866210782702,Medium,Weekend,5,64
37.17951267998578,0.4643898948152789,29.13876752988187,0.4365941276148346,29.545669665159053,Sunny,27.93387222961816,Low,Weekday,8,65
44.404003645436084,-1.2332904519987413,29.88519299163561,1.376241400885085,29.89124634782667,Cloudy,18.68164495997914,High,Weekday,1,103
49.48137608050748,-0.9721561820969689,29.61710601722135,0.8280923523298935,29.773407737991192,Sunny,30.848381809848256,Medium,Weekday,23,118
1.975761579820329,1.4557800257125137,29.143259826530514,-1.7304872179932076,29.121457826022866,Rainy,34.737320875301464,Low,Weekday,10,88
9.958496147452582,-0.4710993515880675,29.399195379910385,-1.6497434409907699,29.365728019419986,Cloudy,15.111437032661264,High,Weekend,13,105
41.3671605195672,1.3549072911368638,29.566257975561708,-1.2856481107980091,29.301806673028086,Rainy,17.252546243115066,Low,Weekend,10,48
27.25053515613983,-0.41945400495352514,29.216329357193686,-0.6004850734291995,29.833180443646835,Rainy,18.018475391402156,High,Weekday,11,76
36.81530792433744,0.12164965381513415,29.70055841851709,0.5402934667031909,29.878967560671917,Sunny,25.125410348213293,High,Weekday,2,45
28.380490188698918,1.4322741823372516,29.353194200639816,0.7727965478905339,29.79745777107575,Sunny,19.849173378993004,High,Weekday,19,90
28.635281413013733,-0.015645608743095618,29.123224093891025,0.9690593478605578,29.083587965091603,Cloudy,26.42351244151738,High,Weekday,2,109
5.2465793145513056,0.1251130888770895,29.968575555871844,-1.561363879820547,29.490329237489178,Cloudy,29.934218040828938,Medium,Weekend,9,42
43.98165181399009,-0.47225597952486953,29.110156506393718,-0.3271489376401828,29.31693663343142,Cloudy,34.98543303231962,Medium,Weekend,17,93
3.800110504100539,0.813304822593369,29.961552950186686,-1.3811240851242648,29.01222132517241,Rainy,33.78315582773446,Low,Weekend,11,78
37.319768286343354,1.0035988625003074,29.284728482822764,-0.7762435670858778,29.719110829510406,Sunny,18.123244336445627,Low,Weekend,2,84
47.10040348641682,-0.9287446366015698,29.110163874352764,1.1862730641185348,29.750661380360665,Rainy,19.39644384218311,Low,Weekend,13,98
10.454796864457906,-1.3258257605578687,29.912711227224907,-0.5613919944403849,29.39209875686617,Rainy,23.1388786878362,Low,Weekday,3,26
43.64393346250076,-0.3959612085076287,29.71304275367987,0.7650932252238838,29.966016685016978,Rainy,19.83080173957164,Low,Weekend,0,45
6.950518734145308,-0.9010181140547446,29.85705878066037,-1.224737101844675,29.354941156959462,Rainy,34.42760224427299,Medium,Weekday,0,22
30.40899873223323,-1.2277363535757106,29.966846312279404,-0.276594607686077,29.28319182903556,Rainy,31.80246436214506,Medium,Weekday,9,51
37.56764320353242,-0.7781501803383057,29.480051335181734,0.5011274912674106,29.896513596811626,Cloudy,34.4222228221238,High,Weekend,4,53
45.13954420657986,-1.1691347564920365,29.506333873618452,1.2555441557227915,29.03244990508432,Rainy,22.282785335899376,Low,Weekend,18,78
45.38598568878845,-0.5034815807752437,29.914389456971566,0.3190251692953239,29.326785214036498,Cloudy,22.02796485439024,Low,Weekend,19,103
32.113735720335285,-0.28241467955383426,29.364727085796396,-0.8766782266029451,29.875881125054367,Rainy,34.59372929356498,High,Weekday,12,98
2.4258274545297636,0.11231714721941932,29.0131182953618,-0.2175157198465285,29.868292934558184,Rainy,24.687373783628242,Medium,Weekend,16,81
7.49917267534075,-1.5328856807946605,29.27229123600158,0.841041513665977,29.53031287156414,Cloudy,33.15954796219367,Low,Weekday,17,107
35.879633202478644,0.688120330186345,29.054323690889223,-0.18076137551566163,29.346898598533055,Sunny,25.851964900140164,Medium,Weekend,7,54
11.189056412143358,0.17748500235492326,29.444995261791316,0.4948869800039919,29.16460340263981,Sunny,27.993466232549796,High,Weekday,16,18
38.61500678306832,-1.8871726241346016,29.928798953761603,-0.7420096834907373,29.0093594139189,Rainy,29.706029818855676,High,Weekend,5,14
31.913980225444103,-1.0364865364229328,29.125044263181938,0.3473891838967975,29.06700909569475,Rainy,31.660612370929336,Low,Weekday,1,41
41.25272897808339,-0.6346792704449,29.095913386251432,0.38970238755613895,29.659883432815885,Rainy,34.46546673535383,High,Weekday,9,88
13.972932547272755,-0.7196650878175226,29.15922434051294,0.5904580441755742,29.744734426654844,Rainy,17.481509840939527,High,Weekday,12,103
40.44576438558617,1.0872223118603603,29.331751638977845,-1.1202900001974538,29.460819003296997,Cloudy,27.248740711463473,High,Weekday,19,43
36.47774629041843,-0.007074781993052559,29.1514925729496,-0.7202938508597714,29.976376989039572,Cloudy,18.41639896282665,Medium,Weekend,15,81
1.8901426011032385,-1.4337496894258968,29.88923768091538,1.0291050593850106,29.365339504100106,Cloudy,19.96595300783126,Medium,Weekend,6,21
39.52406673512581,-1.3197987524276205,29.25898013863216,0.09528163669347167,29.892059921405007,Rainy,31.42881188676312,High,Weekend,19,113
35.3733977772299,-1.5405088117458496,29.57314568282441,-1.1148097816203162,29.175088023298223,Cloudy,25.231064120186847,Low,Weekday,15,82
25.066515397708777,-1.8596315511558,29.834283583168446,-0.9801638764809045,29.24460408209554,Sunny,30.85692888998316,Medium,Weekday,20,70
33.67755321049637,-1.2746223739952343,29.774684147769577,0.19829291255011183,29.303224259740258,Cloudy,20.63622731466338,Low,Weekday,17,63
27.999589430101732,1.103072480497512,29.12805820358195,0.15676856199754674,29.154885756751376,Rainy,20.427910674297962,Low,Weekday,10,67
47.60202143475148,0.4717990922447539,29.84462919329754,-0.7285354315300947,29.984421136681167,Rainy,30.939170280037267,Medium,Weekend,5,16
30.412366863752972,1.4465569292268863,29.05223256881787,-1.5221451906178003,29.07187026375325,Rainy,34.97091888393247,Medium,Weekend,6,70
21.726669507180148,-0.8056377620662396,29.314062091435307,-0.14879187672578897,29.823735816110847,Cloudy,26.44872441713984,Low,Weekday,13,94
29.869648005440737,0.7150300510247303,29.489761911983404,-1.3487918940117902,29.68709177201345,Rainy,31.187115300086454,High,Weekday,18,29
25.883190005271096,0.3968064037109311,29.522887775329732,1.1542176222629164,29.769928767727915,Rainy,24.32946518526696,Medium,Weekend,21,56
9.395935335149964,-0.2740865160948993,29.318881965369695,1.1761357739082938,29.4475776194911,Cloudy,21.29506420077751,High,Weekday,12,33
24.214972534060415,-1.7205871697230766,29.996154874699386,1.2611207391382124,29.715592722615806,Sunny,30.18230081408211,High,Weekday,18,25
17.343459619741047,-0.8433474503945877,29.581171804046186,-1.3575350855104666,29.55254375991103,Cloudy,34.455478288020906,Low,Weekday,3,93
35.38794406708442,-1.1362904742432178,29.728737522802334,-1.0883705018713652,29.500307463583646,Sunny,24.737824168626553,High,Weekend,5,10
41.79351545057996,1.3804638874936406,29.217796031589973,-1.2295544335526836,29.469021378672934,Rainy,33.18439900096915,Low,Weekend,7,105
5.739304345025736,0.8806678742859395,29.30103801638646,0.3276680825694527,29.81256341734651,Sunny,16.712180250470247,Low,Weekday,9,18
11.435271773208395,-1.3090695716270564,29.995843544078088,0.9722429229554392,29.003464938564598,Cloudy,26.578894450854108,Medium,Weekend,1,104
48.99538265210245,-1.730947349416359,29.631646371650003,0.43696176458967617,29.98013931669399,Cloudy,33.58690220328879,Low,Weekday,5,30
19.233423100453383,0.5771009171036119,29.695578792523534,0.7077438368123792,29.85418822269594,Sunny,15.193653102988593,High,Weekend,12,51
27.136270260683304,-1.3617736699407597,29.975817043142932,-1.0572479995031463,29.526685365676247,Sunny,33.864723941999216,Medium,Weekend,18,21
44.56744647985723,-0.16959828895144158,29.140697074181176,-0.930338458900117,29.74145159864596,Rainy,19.27676534562146,Low,Weekend,11,13
24.46040874595725,0.41331622990998795,29.39325833493504,-0.9871710693280672,29.94131942970702,Rainy,32.38119444898272,High,Weekend,6,97
22.805782532932305,-0.5120406039010488,29.69694825933547,0.21149307292041009,29.5097609995481,Cloudy,26.959140587893774,Medium,Weekday,6,68
4.16227645324142,-0.11100264077071831,29.202671135829718,-1.693476616465687,29.185142169935926,Rainy,22.588459396502486,Low,Weekday,2,90
19.957870478489504,-1.4211900669232136,29.643333028934816,1.1451961570831153,29.297668049598105,Cloudy,28.784734680909825,Low,Weekend,10,13
42.09627819543668,-0.8890064384092091,29.139567632015623,1.012255671895967,29.470693699516687,Cloudy,16.733962216888617,High,Weekend,17,13
43.95606296984629,0.07160716556682267,29.17801388338119,1.010261559652288,29.026492765316362,Rainy,20.990494660325496,Low,Weekend,10,74
9.213293757545122,-0.746370280328033,29.03470605455064,0.76756903709793,29.456953812334934,Sunny,34.70696553747949,High,Weekend,10,41
35.61659605495102,1.4372409834367557,29.676961740462666,-0.11407362401506571,29.538903238332654,Sunny,19.164488176696995,Medium,Weekend,9,112
41.899501055428615,-0.2913519171480723,29.14906526754747,-1.4712007248640273,29.708199205254356,Sunny,22.7421647455632,Medium,Weekday,4,114
24.083731336245776,-0.7410515340084827,29.07910776105015,-1.863592664243374,29.544978051608805,Rainy,34.359885059370484,Low,Weekend,9,93
3.366821472878021,1.0344704455600264,29.581590126558766,0.7351637613589204,29.758444588748603,Cloudy,19.44857153632193,Low,Weekend,11,70
9.204573271689883,0.4913925434222386,29.664517979651684,0.2806214918677652,29.617739537992335,Rainy,31.0290493249968,High,Weekend,10,118
24.253038661323192,-0.2527975904420052,29.11764905444546,0.7169233741923242,29.621048059584734,Sunny,32.64536563960705,Medium,Weekend,2,96
16.73072867012529,-1.4179178006427955,29.702254002856446,0.6387218928333405,29.704249705258444,Rainy,31.634899008018962,Low,Weekend,16,69
11.372583214409985,0.43272928459542426,29.784762627006838,0.30568581861668687,29.261441291996867,Rainy,27.247360962532888,High,Weekend,22,11
3.1683212129094915,0.3010246382190709,29.386491903811535,0.5020800095451081,29.644588560906747,Sunny,22.957086867210055,Low,Weekend,22,53
13.693185434583512,1.301968196138438,29.221608312698436,-0.7346010814443482,29.727841897264764,Sunny,16.125141130297006,High,Weekday,13,108
7.562231195388807,0.3416925756269431,29.997221692557762,-0.3381890091026303,29.09639187404788,Rainy,29.715174246770168,Low,Weekday,20,67
43.518464295547844,0.11493342817483132,29.36233768715081,-1.8311038724509814,29.965862584620343,Rainy,24.298463395417002,Low,Weekend,5,27
31.835613561699816,0.8949525619490668,29.49677190012369,-0.31187896319739616,29.057742519646858,Rainy,34.110319886502616,High,Weekend,3,60
11.687446596249698,0.6773570093574302,29.6993083297237,-1.4941628603733486,29.181501854747573,Sunny,33.7614887680967,High,Weekday,10,35
40.1026249204064,0.9710039254535756,29.823176253014534,-1.0633929271883997,29.89300739333488,Rainy,23.84417751570414,High,Weekday,8,67
31.648520145323356,0.22186160146231204,29.620638216061884,0.6270647811545866,29.41374672103483,Rainy,29.91169921059084,Medium,Weekend,17,64
43.88287582087664,-1.6963317418067925,29.139460148895846,-0.636349883907904,29.194622204068562,Sunny,27.112649655336757,Medium,Weekend,1,55
44.88878468406109,-0.0060116209540646,29.4803648651178,0.7812684182810008,29.055278717428735,Rainy,29.19608425465955,Medium,Weekend,6,91
21.355252771158547,-0.7919194003249637,29.07152280877995,1.0461276778186122,29.639334777920627,Cloudy,26.525379941897377,High,Weekend,17,24
46.822739549986274,-1.321798041582051,29.074029415626196,-1.6895682734229094,29.862486758017546,Cloudy,20.31039664133713,Medium,Weekend,20,45
12.293528426462643,-1.396351352899599,29.883122517454694,-1.2200401666245466,29.30854206822507,Cloudy,25.924626355487277,High,Weekday,12,24
23.334375058951515,-0.09408652965444353,29.803444088114013,-0.22328598072990213,29.247717122676917,Cloudy,32.92040788363221,Low,Weekend,10,55
17.597449802085386,-1.1844403354568598,29.968395473551308,-0.7521369432174336,29.134359076019177,Rainy,29.164686305457245,High,Weekend,23,31
19.60347587117422,0.44136437439479836,29.75963806100097,0.12844990454822547,29.09216137685752,Sunny,31.005803550107206,Medium,Weekend,23,114
49.997251282709925,0.9079558190754877,29.995795686959106,1.4864082993580054,29.809804691307107,Cloudy,28.273666807716538,Medium,Weekday,20,77
2.4818503308116338,0.4225527382755425,29.555655113046328,0.6485038345985727,29.91491886883095,Cloudy,16.433217087083932,High,Weekend,13,71
44.976360067997035,0.5019635259003827,29.29578827850476,-0.6234887121069179,29.98814148427853,Rainy,26.431781827897208,Medium,Weekend,2,39
24.95446136118278,-0.48827989477791056,29.01715549670047,-1.450702780467485,29.149552853485545,Sunny,21.744668963317096,Medium,Weekday,8,68
27.258704565887285,1.4056811153044761,29.315434337697802,-1.379851265834931,29.426904394538706,Sunny,21.636740261330104,Medium,Weekday,17,48
7.793422635103472,0.6665899535034354,29.591811381902666,-1.699978125260746,29.297027373140065,Sunny,20.368398508501414,Low,Weekday,19,84
1.6028828485390423,0.5425999171140061,29.85416019244726,1.3859340144065055,29.29621299136545,Rainy,22.078782800352347,Low,Weekend,23,61
6.167059320514073,-1.1516139459781778,29.28223774052381,0.7361386048279615,29.37445334348221,Sunny,34.15870172424127,Medium,Weekend,12,49
14.65796215160546,1.4182989266172474,29.69184881233629,1.002440784550919,29.91936839691659,Rainy,27.212161003262576,High,Weekday,8,114
18.489989043690056,-0.3484072713611148,29.681996760413323,-0.10413944244534723,29.620110565175946,Sunny,29.88167327360645,Medium,Weekday,6,20
39.857512826458276,1.1230847749591275,29.92748676211218,-0.7463961240203079,29.863958813176286,Rainy,24.039640310320475,Medium,Weekday,7,23
30.452811381262293,-1.1207418882951754,29.23678518366456,0.00578066445572567,29.584377960353894,Sunny,20.57100084127903,High,Weekend,5,110
46.46564401624,-0.3429998834783199,29.399674233257375,1.482669313432611,29.050625488614255,Rainy,21.429534190657016,High,Weekday,6,18
15.18220430052605,-1.6702355680311793,29.962196800335036,-1.6634017477361889,29.69144637854761,Rainy,15.086859718756235,Medium,Weekday,0,86
33.72946895195593,-1.3387875831458216,29.947960439700818,-0.8346024405937691,29.78781854316464,Cloudy,31.22356348702575,Low,Weekday,3,93
28.178226646435306,-1.5361275227085067,29.774880142894887,0.7943374559381846,29.31814810853587,Cloudy,17.85300054346104,High,Weekend,15,86
17.249040260560246,0.01604645233920121,29.363783649699894,-0.8036398843901016,29.2334209341487,Sunny,26.134509959966717,Medium,Weekend,13,100
18.96108307859793,1.4563154435550576,29.434266832225564,-1.179766901031059,29.962567926222558,Cloudy,21.887632236495392,High,Weekday,14,90
5.430089403827789,0.9350460373469653,29.065937349836346,-0.9307339226980008,29.4966196272453,Cloudy,19.4351225429823,Medium,Weekday,19,88
20.518588241920654,-0.4683299215313492,29.125385951667358,0.8311950380490178,29.508944790783577,Cloudy,23.891581139896168,Medium,Weekend,11,80
20.53686745618323,-0.922355211678346,29.26817035444169,-1.036796429840876,29.58253496001894,Rainy,24.623494763314902,Medium,Weekday,9,74
48.608553941252126,-0.2319451660780909,29.26482072839774,0.13278854573975485,29.342836020080796,Cloudy,27.147831181121443,High,Weekday,15,60
3.302695236441646,-1.267683379756125,29.3865528717219,-0.5327004818479246,29.33395876056191,Cloudy,18.692027380378434,Low,Weekday,3,85
21.92213340080884,-1.158694870998921,29.207197897074526,-1.0163795012268149,29.4913108682731,Rainy,30.950716234600044,Low,Weekend,16,83
44.85154245523901,1.461127542577446,29.89139590099943,-1.5621747541537323,29.667984542551643,Sunny,15.186350737302812,Low,Weekday,8,110
25.179239514909938,1.1666055871376249,29.663565483543966,0.4127718194797043,29.065618656569338,Sunny,24.69066192391802,High,Weekday,1,86
28.502172712951076,-1.7072139303687996,29.66356297490128,0.8391271083732827,29.322064293797997,Rainy,18.3444292747204,High,Weekday,8,51
15.708068528435843,0.8516140632338849,29.009043808729686,-1.6409691498584889,29.33554384562241,Rainy,24.360900644134325,High,Weekend,16,74
10.159442319958703,-1.3563346343835754,29.955424571866242,-0.02727636287472124,29.62770214219588,Sunny,27.80797728185869,Low,Weekend,4,23
25.82216197286064,0.9785215767407927,29.358109685620335,0.6234032487680117,29.852681450210696,Cloudy,26.47611143242676,High,Weekday,11,110
27.15036389671318,-1.71226996532491,29.53614595256533,1.0793186422505707,29.92125493532574,Cloudy,24.052529462447854,Medium,Weekday,16,32
31.652192691629544,-1.054616972060019,29.76541673282929,-0.3811629242188388,29.66910997263592,Rainy,31.953044602808404,Medium,Weekday,19,23
47.52395196014511,0.5944659858800945,29.495188964349367,0.857188142580827,29.940224200130817,Sunny,29.897962771760604,High,Weekday,4,23
49.99662415988549,-0.7481528106140856,29.641596114320357,0.5747716975862769,29.9246053701528,Cloudy,21.938441376428592,High,Weekday,21,112
48.320670440659356,0.26725749237608554,29.624031075978724,-1.2890930138009775,29.149251674029696,Cloudy,20.726930315976382,Low,Weekday,5,97
40.11331051963229,-0.5196589670980061,29.72498414366832,-0.3367359743681879,29.953488067973005,Cloudy,26.507385041536498,Low,Weekday,21,19
19.483435940246757,0.2245653099221978,29.26575536451409,-1.3563411548294848,29.94820533733561,Rainy,26.261895120419698,Medium,Weekday,8,40
47.85161364071687,1.3663801818365768,29.473094104786206,1.0535502004993829,29.065670564443387,Cloudy,32.9606461974993,Medium,Weekend,17,27
22.39353671342509,-0.09934936235069869,29.897846782069145,-0.25288871206606145,29.905811116393668,Rainy,23.151015341513315,Medium,Weekend,17,10
17.87935137339405,0.5600901692605529,29.233057531701768,0.9935437416555715,29.264980305889317,Cloudy,31.773689012445207,Low,Weekday,19,65
12.156734237360558,-1.4772718359081107,29.98374106918366,0.6844372366225886,29.31901198682855,Sunny,28.756890872455493,High,Weekend,10,33
2.6602517952754092,-1.1034695382381576,29.589022489448837,-0.908864240921335,29.878560389038473,Sunny,15.291242010944128,High,Weekday,3,105
14.80017049141508,-1.420096197860821,29.09570928751602,-1.4515774863242343,29.13760043640507,Cloudy,24.693072203633683,Medium,Weekday,16,89
35.84616951839671,-1.5814031093626923,29.00859980062387,-0.5323967625395323,29.86991773990227,Sunny,29.583297682694166,Medium,Weekday,22,104
18.24701406781839,-0.3208000797409625,29.01894395638341,-1.3509273317430632,29.922568460610602,Sunny,30.73287176506131,Medium,Weekend,7,75
40.97784718340726,1.0261058184040182,29.55262754215734,-0.013278658901980211,29.963982242144144,Cloudy,26.432487978318825,High,Weekday,12,110
17.23685378460988,-1.3167304548489143,29.893603609576807,-0.2467988369504992,29.861562176763442,Sunny,21.637556294090125,Low,Weekend,16,67
47.71389829511384,0.48008557235302574,29.12907297009723,0.0525716269091443,29.916870351409017,Sunny,30.27004387268878,Low,Weekday,1,91
18.530480880231003,-0.9662148402927297,29.456090612417906,-1.1491476342139317,29.359976297301895,Cloudy,31.076820085209466,High,Weekday,0,107
8.683624735795451,-0.3410844330509426,29.780165870654862,-0.3192907536142757,29.582652880294752,Rainy,20.30459471538782,Medium,Weekend,13,18
48.904404306914685,-0.5567225102828366,29.730938779598034,-1.2434145595937411,29.91486171825478,Rainy,27.496525923707065,Medium,Weekday,1,78
24.299802312676494,0.1329016394682978,29.982854988562668,0.03785369043013831,29.473846978848105,Rainy,20.717995890142134,Medium,Weekend,10,62
46.29451682563759,-0.4914380311248068,29.039064643444867,-1.3035856507299686,29.50546497605346,Cloudy,32.663779433213996,Medium,Weekend,16,78
6.7915252818297045,-1.7485894008183098,29.221942808626373,0.22028767375802927,29.070066740197603,Sunny,26.851926834655615,Medium,Weekend,15,46
35.25261634632331,-1.049538049864458,29.2328317287284,-1.2001349660159093,29.130817691888435,Cloudy,19.522149060795247,Low,Weekday,16,107
43.01141186015971,0.8860371136507204,29.10523245126093,1.3027636177424857,29.064247868237498,Sunny,34.68057329912303,Low,Weekday,8,30
2.018010067289599,-1.3146942619113933,29.11137380854005,-1.8158837180990492,29.31755724147692,Rainy,17.101744497274467,High,Weekday,17,36
20.506372465197387,-1.8979883778535311,29.127789531271123,0.5713684911713162,29.08170293923326,Rainy,21.283261184603404,Medium,Weekend,5,90
39.78040070236939,-1.371917628078795,29.063570664383292,-0.7292495064323758,29.405648187822624,Cloudy,24.201382607265494,Medium,Weekday,18,10
35.05888939049195,-1.5180568819026856,29.886678169686025,1.0156081726654729,29.7776884298448,Cloudy,27.985791734599665,High,Weekend,22,91
45.240643852285984,0.9118414829885149,29.9231796802333,0.06679541402830891,29.9312479885126,Cloudy,26.534789070594755,Medium,Weekend,20,95
2.393017202571301,0.9942083463941223,29.42667342117001,-0.5094185623671017,29.251643774347148,Rainy,34.767842476583205,Medium,Weekday,23,83
15.213587192087113,-1.4408671984508101,29.709752953265273,-0.5820296294696301,29.687873017647476,Cloudy,29.7969267453091,Low,Weekend,1,24
11.997657139359806,0.9315470456201238,29.9867503977724,-1.0386925543121588,29.968385470364026,Rainy,33.05576517821399,Medium,Weekend,12,35
20.199776589752027,-0.8812376857415529,29.55450555429368,0.8565744643218611,29.17128691913638,Cloudy,31.531578637827373,Medium,Weekday,6,26
29.581222741960513,-0.8380778833663929,29.943268848155643,-1.3899994803933198,29.65440323247165,Rainy,26.161793266412477,Medium,Weekend,9,116
27.308359110962936,0.5846781954913998,29.51126525582528,-0.626029682883245,29.24262299978691,Cloudy,28.1988180005682,Low,Weekday,14,56
35.34573364463244,1.006863027722125,29.058590101931397,-1.7244268243482979,29.91306966347898,Rainy,15.248004559504015,Medium,Weekday,16,41
6.328498487354864,-0.9805270094140028,29.39214634217718,0.9652051254144376,29.562935894059663,Sunny,15.560618715211028,High,Weekend,14,82
42.20648098482437,1.1540990777016367,29.792658472876013,-0.32006955433497564,29.425842355164487,Sunny,18.900000209199565,Medium,Weekend,20,19
2.3527261307700265,-1.008238318791021,29.69968813005249,0.8570184578791546,29.72328778304969,Sunny,22.88408279662701,Low,Weekend,20,107
40.67808533373595,0.31918332514140557,29.649981237086518,0.34211453386790414,29.164759747570418,Sunny,15.920893201349418,Low,Weekday,4,40
16.87873242224903,-1.1136411821497219,29.73681091085398,-1.631164793366819,29.72269492092318,Sunny,29.300722770724004,Low,Weekend,18,113
12.281059186266589,-0.5352411949162417,29.970946678548014,1.22050675197828,29.88547264016051,Cloudy,26.63055855177876,Medium,Weekend,12,84
15.762785464272378,-0.3162491862289831,29.91755835116514,1.0571636311361199,29.229361696287324,Rainy,32.02834770653362,Low,Weekday,1,11
37.83594892461728,0.9973711628223318,29.255285871269116,-0.3627753279691539,29.967590221200517,Rainy,34.04598459453014,High,Weekday,8,38
47.20781464044417,-1.68898357821387,29.084828720575544,0.0171582914220616,29.55221029997914,Cloudy,26.416644719441756,High,Weekend,15,76
44.35480425657967,0.19945705536710667,29.191907134356885,0.28520619122809565,29.65707929319905,Rainy,20.50181197473844,Medium,Weekend,22,70
31.69383291224876,-0.8067105885264587,29.996019543172412,-1.1969233573701374,29.933825927267318,Rainy,15.839706352959206,Medium,Weekend,15,90
44.2774428443615,0.6459202003024704,29.080128790006608,-0.9802311557840662,29.77515474627623,Cloudy,29.580661783447823,Medium,Weekday,19,57
45.923358473474764,-1.3507189321464974,29.5545535668152,-0.06349812757423923,29.420458044350077,Sunny,26.975862092003013,High,Weekday,20,64
33.85753296323757,0.04217133983101884,29.850811792690912,-0.4715085240801402,29.11302400715883,Sunny,18.198647653824633,Low,Weekend,16,117
33.2862583958463,1.103019348557265,29.587279608424343,-0.01982758362140613,29.751920850066497,Rainy,24.59987287313764,High,Weekend,19,26
14.864092014951481,-0.18024250854978252,29.819545903730813,1.148394145956213,29.916405572858704,Cloudy,19.56473977014567,Medium,Weekend,0,35
36.613696797790645,0.24841868275136214,29.820397626611413,-0.6626896096191117,29.379459947822834,Cloudy,25.450484277652166,Medium,Weekend,22,104
7.268174544699432,-0.9498037656948395,29.039776449223652,-0.11231320224490848,29.225062513992945,Rainy,34.19540003893284,Medium,Weekday,4,44
30.246232590955238,-0.09100574707722164,29.31805330273715,-0.328597528124863,29.19381693990297,Cloudy,18.06623091093339,Medium,Weekday,13,43
18.323961400251896,-1.537201656804933,29.626617854850434,-0.5383919598390454,29.848030831382875,Sunny,32.193272191925765,Low,Weekend,22,107
20.420610118187103,-0.15603906619731234,29.080640329951674,0.08280359188153197,29.156696630960006,Sunny,32.57986468806972,Medium,Weekday,9,26
19.8060508586582,-1.4649869991098587,29.24083054662311,0.25637376852407856,29.09853898159201,Sunny,22.428743508046978,Low,Weekday,18,90
37.58828177545305,0.10968435240058971,29.011912498037344,-0.015804911318001214,29.24190371813042,Rainy,31.48807489001878,Low,Weekend,12,107
40.32793081232767,-1.7262195707668673,29.20441507531047,-1.5484893804213749,29.654654587478973,Cloudy,25.960669795289398,Low,Weekend,22,36
22.42766734316657,-1.5143714161060124,29.13104903220994,0.544828567429418,29.461786766686618,Rainy,29.47594040950144,Medium,Weekday,9,68
34.64020534435833,-1.5841194584382887,29.391153482878998,1.3468851868686005,29.9440866079859,Rainy,20.825102023638845,Low,Weekend,13,72
16.24456835619727,0.010710578367635781,29.974361207097775,-1.4337396769354083,29.52054263461276,Rainy,25.362089148298104,High,Weekday,16,88
29.15691051425238,1.2034021829292416,29.70870409764644,0.7658380358052352,29.602723801329173,Cloudy,18.35436399739249,Medium,Weekday,6,80
8.0298681184309,1.3669566588511004,29.42643439882362,1.1851760006463006,29.588135186855947,Sunny,20.96722863753636,Low,Weekend,2,95
33.14141854300019,-0.34562916989681525,29.130477835062837,-0.45399940062107413,29.920949069413115,Sunny,18.98302307465424,High,Weekday,17,100
49.98349249723027,-0.2915920784457471,29.21448981829659,-0.9471805464708387,29.10159423996898,Sunny,28.12090354923967,High,Weekday,20,73
48.04554516849878,0.7784329381473394,29.795722800428425,1.4780763543196915,29.66837305776752,Sunny,18.916216323671026,High,Weekend,23,47
26.49763879670338,0.03658219496712034,29.775056755334518,0.8045408243801591,29.097721603382446,Cloudy,17.127604901363252,Medium,Weekday,3,106
6.3964097270248645,-1.391317098666911,29.428418752094117,0.5589658749926878,29.251090820028637,Rainy,21.93352039303956,Medium,Weekday,13,78
18.768581189107373,-1.5455046844121705,29.477534009993605,1.403934473057694,29.830412243513155,Cloudy,34.69611348324087,High,Weekday,2,53
28.345540813105877,-0.14751220464492865,29.986180258674935,0.9619042583836306,29.076486274538574,Sunny,22.602625152230615,Low,Weekend,11,29
41.028942133715304,-1.7146122553717908,29.820402738895822,-1.1899272940356656,29.66671569031385,Cloudy,33.505061250911965,Low,Weekend,5,41
11.716558053220123,-1.7347510216921846,29.234407145146314,0.8138911879177582,29.849087055860316,Sunny,24.066722915894843,High,Weekend,3,78
3.5974853281521915,-0.002745788826633566,29.053305307250305,-1.7201679178176474,29.26694964468796,Rainy,22.278989519102495,Low,Weekday,2,73
23.356920770353213,0.9140640117403027,29.852274253075073,0.17498925268761,29.943950190362003,Cloudy,20.813915792792635,High,Weekend,20,62
24.83669960152319,-0.8155753897617373,29.562351827241447,-0.5281792124323257,29.02324998643447,Cloudy,26.88867004953742,Low,Weekday,5,46
6.991632468409174,0.5505913740567507,29.6248305410352,0.707944239640367,29.128250062860953,Rainy,21.526203443090044,Medium,Weekend,23,114
48.44730973332717,-0.978086597455256,29.710929546322227,-0.1771519103776933,29.12262318304744,Rainy,16.849283407987688,Low,Weekend,1,47
46.19853928380338,-1.4122154575779722,29.498572095452495,0.14260083515797017,29.619727583878255,Sunny,19.74051132149387,Medium,Weekday,7,74
6.594417601909517,-0.2254040323286297,29.79380610741636,-0.47386495558928443,29.49574473755582,Cloudy,28.62688177745185,Low,Weekend,20,67
48.05520169798825,0.8343789962414632,29.043761112257027,-0.3095258850347453,29.202638217972712,Rainy,31.27830364894755,Medium,Weekend,17,101
25.235261935074227,-1.8847522712642344,29.101299413039296,-0.3582728776676658,29.28393707213037,Sunny,25.83103402606122,Medium,Weekday,9,68
29.466881423813142,-1.825765039357611,29.143848165287736,0.184439988929205,29.892592211014126,Cloudy,31.799975091697313,Low,Weekday,18,100
9.389495246851242,0.6916022438643967,29.28314631201489,0.6529847801090982,29.102248573363894,Cloudy,34.43847568110629,Low,Weekday,4,78
19.609922711707664,0.22736557843378202,29.89247862325612,-0.6144429520921568,29.295784857254933,Rainy,22.377816941430183,Low,Weekday,2,109
11.106968674654272,-0.2866023705787506,29.754856357661488,0.9075253665988345,29.34568146180936,Sunny,26.928892729715727,Medium,Weekday,5,95
26.157626649040452,0.29155940815109416,29.757683664890546,-1.321624863473358,29.779095240556586,Sunny,22.076524051811933,High,Weekend,23,87
24.5189385606618,0.18173629630112842,29.142565736724855,-0.15506849278287582,29.79897109104343,Rainy,22.836023983041095,High,Weekend,15,29
4.225237839957433,0.550639363804966,29.522138912241005,-0.45672448555657064,29.38569667500544,Cloudy,16.584588377041023,Low,Weekday,21,84
45.80990018136792,-1.2445477573585977,29.06991912847282,0.20610944198437942,29.87622017734744,Cloudy,29.754446081142348,Medium,Weekend,8,31
22.643033981497997,-0.7306341911236849,29.228639161287752,0.6556883623410159,29.38129258944143,Rainy,20.186783251667038,Low,Weekend,7,101
42.76224933531652,0.8882707065611251,29.847053954885315,0.7295481035036957,29.514949772199913,Sunny,25.16098177358701,High,Weekend,11,35
